{
  "id": "1825380",
  "name": "问卷星",
  "font_family": "iconfont",
  "css_prefix_text": "icon",
  "description": "",
  "glyphs": [
    {
      "icon_id": "584065",
      "name": "退出",
      "font_class": "084tuichu",
      "unicode": "e65b",
      "unicode_decimal": 58971
    },
    {
      "icon_id": "1440893",
      "name": "回收站",
      "font_class": "huishouzhan",
      "unicode": "e636",
      "unicode_decimal": 58934
    },
    {
      "icon_id": "5651479",
      "name": "个人",
      "font_class": "geren",
      "unicode": "e670",
      "unicode_decimal": 58992
    },
    {
      "icon_id": "7435073",
      "name": "调查问卷",
      "font_class": "tiaochawenjuan",
      "unicode": "e611",
      "unicode_decimal": 58897
    },
    {
      "icon_id": "7192356",
      "name": "加号",
      "font_class": "jiahao",
      "unicode": "e721",
      "unicode_decimal": 59169
    },
    {
      "icon_id": "10268256",
      "name": "按钮_开启",
      "font_class": "anniu_kaiqi",
      "unicode": "e659",
      "unicode_decimal": 58969
    },
    {
      "icon_id": "10268257",
      "name": "按钮_关闭",
      "font_class": "anniu_guanbi",
      "unicode": "e65a",
      "unicode_decimal": 58970
    },
    {
      "icon_id": "998474",
      "name": "添加",
      "font_class": "ai57",
      "unicode": "e6af",
      "unicode_decimal": 59055
    },
    {
      "icon_id": "1109",
      "name": "禁止",
      "font_class": "jinzhi",
      "unicode": "e600",
      "unicode_decimal": 58880
    },
    {
      "icon_id": "2076242",
      "name": " 图片",
      "font_class": "tupian",
      "unicode": "e889",
      "unicode_decimal": 59529
    },
    {
      "icon_id": "1137772",
      "name": "返回",
      "font_class": "fanhui1",
      "unicode": "e675",
      "unicode_decimal": 58997
    },
    {
      "icon_id": "577305",
      "name": "单选",
      "font_class": "danxuan",
      "unicode": "e71f",
      "unicode_decimal": 59167
    },
    {
      "icon_id": "1111360",
      "name": "编辑",
      "font_class": "bianji1",
      "unicode": "e639",
      "unicode_decimal": 58937
    },
    {
      "icon_id": "1207796",
      "name": "保存排序",
      "font_class": "baocunpaixu",
      "unicode": "e67c",
      "unicode_decimal": 59004
    },
    {
      "icon_id": "1221567",
      "name": "设置",
      "font_class": "shezhi",
      "unicode": "e626",
      "unicode_decimal": 58918
    },
    {
      "icon_id": "1336370",
      "name": "填空题",
      "font_class": "plus-blanksfill",
      "unicode": "e717",
      "unicode_decimal": 59159
    },
    {
      "icon_id": "1420367",
      "name": "滑动",
      "font_class": "huadong",
      "unicode": "e83e",
      "unicode_decimal": 59454
    },
    {
      "icon_id": "1766475",
      "name": "符号-多选",
      "font_class": "duoxuan",
      "unicode": "e692",
      "unicode_decimal": 59026
    },
    {
      "icon_id": "2127895",
      "name": "五角星",
      "font_class": "star",
      "unicode": "e81a",
      "unicode_decimal": 59418
    },
    {
      "icon_id": "2279452",
      "name": "箭头",
      "font_class": "jiantou",
      "unicode": "e631",
      "unicode_decimal": 58929
    },
    {
      "icon_id": "2279512",
      "name": "箭头",
      "font_class": "jiantou-copy-copy",
      "unicode": "e633",
      "unicode_decimal": 58931
    },
    {
      "icon_id": "5399558",
      "name": "保存",
      "font_class": "baocun",
      "unicode": "e936",
      "unicode_decimal": 59702
    },
    {
      "icon_id": "5485635",
      "name": "链接",
      "font_class": "lianjie",
      "unicode": "e60d",
      "unicode_decimal": 58893
    },
    {
      "icon_id": "6180901",
      "name": "预览",
      "font_class": "yulan",
      "unicode": "e649",
      "unicode_decimal": 58953
    },
    {
      "icon_id": "7832285",
      "name": "商品",
      "font_class": "shangpin",
      "unicode": "e6a3",
      "unicode_decimal": 59043
    },
    {
      "icon_id": "10199166",
      "name": "添加",
      "font_class": "tianjia",
      "unicode": "e613",
      "unicode_decimal": 58899
    },
    {
      "icon_id": "11121374",
      "name": "多选框",
      "font_class": "duoxuankuang",
      "unicode": "e628",
      "unicode_decimal": 58920
    },
    {
      "icon_id": "12184895",
      "name": "复制",
      "font_class": "fuzhi1",
      "unicode": "e689",
      "unicode_decimal": 59017
    },
    {
      "icon_id": "12189384",
      "name": "左右滑动",
      "font_class": "zuoyouhuadong",
      "unicode": "e647",
      "unicode_decimal": 58951
    },
    {
      "icon_id": "840996",
      "name": "删除",
      "font_class": "icon7",
      "unicode": "e667",
      "unicode_decimal": 58983
    },
    {
      "icon_id": "1166063",
      "name": "分享",
      "font_class": "iconfontzhizuobiaozhun023130",
      "unicode": "e684",
      "unicode_decimal": 59012
    },
    {
      "icon_id": "2119419",
      "name": "红包",
      "font_class": "red-packet_icon",
      "unicode": "e668",
      "unicode_decimal": 58984
    },
    {
      "icon_id": "5838475",
      "name": "统计",
      "font_class": "tongji",
      "unicode": "e856",
      "unicode_decimal": 59478
    },
    {
      "icon_id": "6010894",
      "name": "编辑",
      "font_class": "bianji",
      "unicode": "e60c",
      "unicode_decimal": 58892
    },
    {
      "icon_id": "6537187",
      "name": "复制",
      "font_class": "fuzhi",
      "unicode": "e66e",
      "unicode_decimal": 58990
    },
    {
      "icon_id": "7069152",
      "name": "播放",
      "font_class": "bofang",
      "unicode": "e737",
      "unicode_decimal": 59191
    },
    {
      "icon_id": "297679",
      "name": "文本编辑",
      "font_class": "wenbenbianji",
      "unicode": "e6d5",
      "unicode_decimal": 59093
    },
    {
      "icon_id": "1263374",
      "name": "调查",
      "font_class": "tiaocha",
      "unicode": "e646",
      "unicode_decimal": 58950
    },
    {
      "icon_id": "3703024",
      "name": "我想吃投票",
      "font_class": "navicon-wxctp",
      "unicode": "e661",
      "unicode_decimal": 58977
    },
    {
      "icon_id": "4081300",
      "name": "考试记录",
      "font_class": "icon-kaoshijilu",
      "unicode": "e660",
      "unicode_decimal": 58976
    },
    {
      "icon_id": "12439745",
      "name": "搜索",
      "font_class": "sousuo",
      "unicode": "e645",
      "unicode_decimal": 58949
    },
    {
      "icon_id": "632976",
      "name": "菜单",
      "font_class": "caidan",
      "unicode": "e608",
      "unicode_decimal": 58888
    },
    {
      "icon_id": "1068651",
      "name": "手机",
      "font_class": "weibiaoti2fuzhi07",
      "unicode": "e615",
      "unicode_decimal": 58901
    },
    {
      "icon_id": "1120971",
      "name": "密码",
      "font_class": "mima",
      "unicode": "e621",
      "unicode_decimal": 58913
    }
  ]
}
